<?xml version="1.0" encoding="utf-8" ?>
<dwsync>
<file name="login.asp" server="//modev.wrli.com/e$/Websites/mo.wrli.com/" local="131184215707522665" remote="131184215700000000" />
<file name="register.asp" server="//modev.wrli.com/e$/Websites/mo.wrli.com/" local="130942536531562365" remote="130942536530000000" />
<file name="menu.js" server="//modev.wrli.com/e$/Websites/mo.wrli.com/" local="130945740539420191" remote="130945740530000000" />
<file name="menu_sub.js" server="//modev.wrli.com/e$/Websites/mo.wrli.com/" local="130863014762005925" remote="130863014760000000" />
<file name="billing.asp" server="//modev.wrli.com/e$/Websites/mo.wrli.com/" local="130948331018463542" remote="130948331010000000" />
<file name="forms.asp" server="//modev.wrli.com/e$/Websites/mo.wrli.com/" local="130948339274779362" remote="130948339270000000" />
<file name="ChangePass.asp" server="//modev.wrli.com/e$/Websites/mo.wrli.com/" local="130959782422056207" remote="130959782420000000" />
<file name="logout.asp" server="//modev.wrli.com/e$/Websites/mo.wrli.com/" local="130166258900000000" remote="130166258900000000" />
</dwsync>