<?xml version="1.0" encoding="UTF-8"?><?xml-stylesheet type='text/xsl' href='_UpgradeReport_Files/UpgradeReport.xslt'?><UpgradeLog>
<Properties><Property Name="Solution" Value="cTrak_3DB">
</Property><Property Name="Solution File" Value="C:\Siva\Share\ForRemoteMachine\cTrak_3DB\cTrak_3DB.sln">
</Property><Property Name="Date" Value="Wednesday, November 26, 2014">
</Property><Property Name="Time" Value="6:52 AM">
</Property></Properties><Event ErrorLevel="0" Project="cTrak_3DB" Source="cTrak_3DB\cTrak_3DB.vbproj" Description="Project converted successfully">
</Event><Event ErrorLevel="3" Project="cTrak_3DB" Source="cTrak_3DB\cTrak_3DB.vbproj" Description="Converted">
</Event><Event ErrorLevel="0" Project="" Source="cTrak_3DB.sln" Description="Solution converted successfully">
</Event><Event ErrorLevel="3" Project="" Source="cTrak_3DB.sln" Description="Converted">
</Event><Event ErrorLevel="0" Project="cTrak_3DB" Source="cTrak_3DB\cTrak_3DB.vbproj" Description="Scan complete: Upgrade not required for project files.">
</Event></UpgradeLog>